# t_card

INSERT INTO t_card VALUES ('Ajani, Adversary of Tyrants', 'White', 'Legendary Planeswalker - Ajani', 'Core Set 2019');
INSERT INTO t_card VALUES ('Benalish Marshal', 'White', 'Creature - Human Knight', 'Dominaria');
INSERT INTO t_card VALUES ('Dauntless Bodyguard', 'White', 'Creature - Human Knight', 'Dominaria');
INSERT INTO t_card VALUES ('Skymarch Aspirant', 'White', 'Creature - Vampire Soldier', 'Rivals of Ixalan');
INSERT INTO t_card VALUES ('Snubhorn Sentry', 'White', 'Creature - Dinosaur', 'Rivals of Ixalan');
INSERT INTO t_card VALUES ('Tithe Taker', 'White', 'Creature - Human Soldier', 'Ravnica Allegiance');
INSERT INTO t_card VALUES ('Venerated Loxodon', 'White', 'Creature - Elephant Cleric', 'Guilds of Ravnica');
INSERT INTO t_card VALUES ('Adanto Vanguard', 'White', 'Creature - Vampire Soldier', 'Ixalan');
INSERT INTO t_card VALUES ('Baffling End', 'White', 'Enchantment', 'Rivals of Ixalan');
INSERT INTO t_card VALUES ('Conclave Tribunal', 'White', 'Enchantment', 'Guilds of Ravnica');
INSERT INTO t_card VALUES ('History of Benalia', 'White', 'Enchantment - Saga', 'Dominaria');
INSERT INTO t_card VALUES ('Legion\'s Landing', 'White', 'Legendary Enchantment', 'Ixalan');
INSERT INTO t_card VALUES ('Glacial Fortress', 'Colorless', 'land', 'Ixalan');
INSERT INTO t_card VALUES ('Hallowed Fountain', 'Colorless', 'Land - Plains Island', 'Ravnica Allegiance');
INSERT INTO t_card VALUES ('Plains', 'Colorless', 'Basic Land - Plains', 'Ravnica Allegiance');
INSERT INTO t_card VALUES ('Disdainful Stroke', 'Blue', 'Instant', 'Guilds of Ravnica');
INSERT INTO t_card VALUES ('Tocatli Honor Guard', 'White', 'Creature - Human Soldier', 'Ixalan');
INSERT INTO t_card VALUES ('Island', 'Colorless', 'Basic Land - Island', 'Ravnica Allegiance');
INSERT INTO t_card VALUES ('Spell Pierce', 'Blue', 'Instant', 'Ixalan');
INSERT INTO t_card VALUES ('Negate', 'Blue', 'Instant', 'Rivals of Ixalan');
INSERT INTO t_card VALUES ('Unbreakable Formation', 'White', 'Instant', 'Ravnica Allegiance');
INSERT INTO t_card VALUES ('Merfolk Trickster', 'Blue', 'Creature - Merfolk Wizard', 'Dominaria');
INSERT INTO t_card VALUES ('Siren Stormtamer', 'Blue', 'Creature - Siren Pirate Wizard', 'Ixalan');
INSERT INTO t_card VALUES ('Tempest Djinn', 'Blue', 'Creature - Djinn', 'Dominaria');
INSERT INTO t_card VALUES ('Mist-Cloaked Herald', 'Blue', 'Creature - Merfolk Warrior', 'Core Set 2019');
INSERT INTO t_card VALUES ('Chart a Course', 'Blue', 'Sorcery', 'Ixalan');
INSERT INTO t_card VALUES ('Dive Down', 'Blue', 'Instant', 'Ixalan');
INSERT INTO t_card VALUES ('Essence Capture', 'Blue', 'Instant', 'Ravnica Allegiance');
INSERT INTO t_card VALUES ('Opt', 'Blue', 'Instant', 'Dominaria');
INSERT INTO t_card VALUES ('Wizard\'s Retort', 'Blue', 'Instant', 'Dominaria');
INSERT INTO t_card VALUES ('Curious Obsession', 'Blue', 'Enchantment - Aura', 'Rivals of Ixalan');
INSERT INTO t_card VALUES ('Entrancing Melody', 'Blue', 'Sorcery', 'Ixalan');
INSERT INTO t_card VALUES ('Exlusion Mage', 'Blue', 'Creature - Human Wizard', 'Core Set 2019');
INSERT INTO t_card VALUES ('Surge Mare', 'Blue', 'Creature - Horse Fish', 'Core Set 2019');
INSERT INTO t_card VALUES ('Transmogrifying Wand', 'Colorless', 'Artifact', 'Core Set 2019');
INSERT INTO t_card VALUES ('Deep Freeze', 'Blue', 'Enchantment Aura', 'Dominaria');
INSERT INTO t_card VALUES ('Jace, Cunning Castaway', 'Blue', 'Legendary Planeswalker - Jace', 'Ixalan');
INSERT INTO t_card VALUES ('Teferi, Hero of Dominaria', 'Multicolored - White Blue', 'Legendary Planeswalker - Teferi', 'Dominaria');
INSERT INTO t_card VALUES ('Karn, Scion of Urza', 'Colorless', 'Legendary Planeswalker - Karn', 'Dominaria');
INSERT INTO t_card VALUES ('Thought Erasure', 'Multicolored - Blue Black', 'Sorcery', 'Guilds of Ravnica');
INSERT INTO t_card VALUES ('Kaya\'s Wrath', 'Multicolored - White Black', 'Sorcery', 'Ravnica Allegiance');
INSERT INTO t_card VALUES ('Cry of the Carnarium', 'Black', 'Sorcery', 'Ravnica Allegiance');
INSERT INTO t_card VALUES ('Moment of Craving', 'Black', 'Instant', 'Rivals of Ixalan');
INSERT INTO t_card VALUES ('Cast Down', 'Black', 'Instant', 'Dominaria');
INSERT INTO t_card VALUES ('Vraska\'s Contempt', 'Black', 'Instant', 'Ixalan');
INSERT INTO t_card VALUES ('Chemister\'s Insight', 'Blue', 'Instant', 'Guilds of Ravnica');
INSERT INTO t_card VALUES ('Mortify', 'Multicolored - White Black', 'Instant', 'Ravnica Allegiance');
INSERT INTO t_card VALUES ('Absorb', 'Multicolored - White Blue', 'Instant', 'Ravnica Allegiance');
INSERT INTO t_card VALUES ('Search for Azcanta', 'Blue', 'Legendary Enchantment', 'Ixalan');
INSERT INTO t_card VALUES ('The Eldest Reborn', 'Black', 'Enchantment - Saga', 'Dominaria');
INSERT INTO t_card VALUES ('Isolated Chapel', 'Colorless', 'Land', 'Dominaria');
INSERT INTO t_card VALUES ('Godless Shrine', 'Colorless', 'Land - Plains Swamp', 'Ravnica Allegiance');
INSERT INTO t_card VALUES ('Drowned Catacomb', 'Colorless', 'Land', 'Ixalan');
INSERT INTO t_card VALUES ('Watery Grave', 'Colorless', 'Land - Island Swamp', 'Guilds of Ravnica');
INSERT INTO t_card VALUES ('Swamp', 'Colorless', 'Basic Land - Swamp', 'Ravnica Allegiance');
INSERT INTO t_card VALUES ('Thief of Sanity', 'Multicolored - Blue Black', 'Creature - Specter', 'Guilds of Ravnica');
INSERT INTO t_card VALUES ('Hostage Taker', 'Multicolored - Blue Black', 'Creature - Human Pirate', 'Ixalan');
INSERT INTO t_card VALUES ('Lyra Dawnbringer', 'White', 'Legendary Create - Angel', 'Dominaria');
INSERT INTO t_card VALUES ('Duress', 'Black', 'Sorcery', 'Core Set 2019');
INSERT INTO t_card VALUES ('Kaya, Orzhov Usurper', 'Multicolored - White Black', 'Legendary Planeswalker - Kaya', 'Ravnica Allegiance');
INSERT INTO t_card VALUES ('Hydroid Krasis', 'Multicolored - Green Blue', 'Creature - Jellyfish Hydra Beast', 'Ravnica Allegiance');
INSERT INTO t_card VALUES ('Blink of an Eye', 'Blue', 'Instant', 'Dominaria');
INSERT INTO t_card VALUES ('Growth Spiral', 'Multicolored - Green Blue', 'Instant', 'Ravnica Allegiance');
INSERT INTO t_card VALUES ('Nexus of Fate', 'Blue', 'Instant', 'Core Set 2019');
INSERT INTO t_card VALUES ('Precognitive Perception', 'Blue', 'Instant', 'Ravnica Allegiance');
INSERT INTO t_card VALUES ('Root Snare', 'Green', 'Instant', 'Ravnica Allegiance');
INSERT INTO t_card VALUES ('Sinister Sabotage', 'Blue', 'Instant', 'Guilds of Ravnica');
INSERT INTO t_card VALUES ('Wilderness Reclamation', 'Green', 'Enchantment', 'Ravnica Allegiance');
INSERT INTO t_card VALUES ('Breeding Pool', 'Colorless', 'Land - Forest Island', 'Ravnica Allegiance');
INSERT INTO t_card VALUES ('Forest','Colorless', 'Basic Land - Forest', 'Ravnica Allegiance');
INSERT INTO t_card VALUES ('Hinterland Harbor', 'Colorless', 'Land', 'Dominaria');
INSERT INTO t_card VALUES ('Memorial to Genius', 'Colorless', 'Land', 'Dominaria');
INSERT INTO t_card VALUES ('Simic Guildgate', 'Colorless', 'Land - Gate', 'Ravnica Allegiance');
INSERT INTO t_card VALUES ('Atzocan Archer', 'Green', 'Creature - Human Archer', 'Ixalan');
INSERT INTO t_card VALUES ('Biogenic Ooze', 'Green', 'Creature - Ooze', 'Ravnica Allegiance');
INSERT INTO t_card VALUES ('Crushing Canopy', 'Green', 'Instant', 'Guilds of Ravnica');
INSERT INTO t_card VALUES ('Druid of the Cowl', 'Green', 'Creature - Elf Druid', 'Core Set 2019');
INSERT INTO t_card VALUES ('Incubation Druid', 'Green', 'Creature - Elf Druid', 'Ravnica Allegiance');
INSERT INTO t_card VALUES ('Nezahal, Primal Tide', 'Blue', 'Legendary Creature - Elder Dinosaur', 'Rivals of Ixalan');
INSERT INTO t_card VALUES ('Diamond Mare', 'Colorless', 'Artifact Creature - Horse', 'Core Set 2019');
INSERT INTO t_card VALUES ('Faerie Duelist', 'Blue', 'Creature - Faerie Rogue', 'Ravnica Allegiance');
INSERT INTO t_card VAlUES ('Sleep', 'Blue', 'Sorcery', 'Core Set 2019');
INSERT INTO t_card VALUES ('Fanatical Firebrand', 'Red', 'Creature - Goblin Pirate', 'Rivals of Ixalan');
INSERT INTO t_card VALUES ('Ghitu Lavarunner', 'Red', 'Creature - Human Wizard', 'Dominaria');
INSERT INTO t_card VALUES ('Runaway Steam-Kin', 'Red', 'Creature - Elemental', 'Guilds of Ravnica');
INSERT INTO t_card VALUES ('Viashino Pyromancer', 'Red', 'Creature - Viashino Wizard', 'Core Set 2019');
INSERT INTO t_card VALUES ('Goblin Chainwhirler', 'Red', 'Creature - Goblin Warrior', 'Dominaria');
INSERT INTO t_card VALUES ('Light Up the Stage', 'Red', 'Sorcery', 'Ravnica Allegiance');
INSERT INTO t_card VALUES ('Shock', 'Red', 'Instant', 'Core Set 2019');
INSERT INTO t_card VALUES ('Lightning Strike', 'Red', 'Instant', 'Core Set 2019');
INSERT INTO t_card VALUES ('Wizard\'s Lightning', 'Red', 'Instant', 'Dominaria');
INSERT INTO t_card VALUES ('Experimental Frenzy', 'Red', 'Enchantment', 'Guilds of Ravnica');
INSERT INTO t_card VALUES ('Mountain', 'Red', 'Basic Land - Mountain', 'Ravnica Allegiance');
INSERT INTO t_card VALUES ('Stomping Ground', 'Colorless', 'Land - Mountain Forest', 'Ravnica Allegiance');
INSERT INTO t_card VALUES ('Rootbound Crag', 'Colorless', 'Land', 'Ixalan');
INSERT INTO t_card VALUES ('Lava Coil', 'Red', 'Sorcery', 'Guilds of Ravnica');
INSERT INTO t_card VALUES ('Cindervines', 'Multicolored - Red Green', 'Enchantment', 'Ravnica Allegiance');
INSERT INTO t_card VALUES ('Collision // Colossus', 'Multicolored - Red Green', 'Instant', 'Ravnica Allegiance');
INSERT INTO t_card VALUES ('Treasure Map', 'Colorless', 'Artifact', 'Ixalan');
INSERT INTO t_card VALUES ('Dire Fleet Daredevil', 'Red', 'Creature - Human Pirate', 'Rivals of Ixalan');
INSERT INTO t_card VALUES ('Ral, Izzet Viceroy', 'Multicolored - Blue Red', 'Legendary Planeswalker - Ral', 'Guilds of Ravnica');
INSERT INTO t_card VALUES ('Arclight Phoenix', 'Red', 'Creature - Phoenix', 'Guilds of Ravnica');
INSERT INTO t_card VALUES ('Goblin Electromancer', 'Multicolored - Blue Red', 'Creature - Goblin Wizard', 'Guilds of Ravnica');
INSERT INTO t_card VALUES ('Crackling Drake', 'Multicolored - Blue Red', 'Creature - Drake', 'Guilds of Ravnica');
INSERT INTO t_card VALUES ('Tormenting Voice', 'Red', 'Sorcery', 'Core Set 2019');
INSERT INTO t_card VALUES ('Beacon Bolt', 'Multicolored - Blue Red', 'Sorcery', 'Guilds of Ravnica');
INSERT INTO t_card VALUES ('Radical Idea', 'Blue', 'Instant', 'Guilds of Ravnica');
INSERT INTO t_card VALUES ('Discovery // Dispersal', 'Multicolored - Blue Black', 'Sorcery // Instant', 'Guilds of Ravnica');
INSERT INTO t_card VALUES ('Steam Vents', 'Colorless', 'Land - Island Mountain', 'Guilds of Ravnica');
INSERT INTO t_card VALUES ('Sulfur Falls', 'Colorless', 'Land', 'Dominaria');
INSERT INTO t_card VALUES ('Blood Crypt', 'Colorless', 'Land - Swamp Mountain', 'Ravnica Allegiance');
INSERT INTO t_card VALUES ('Sorcerous Spyglass', 'Colorless', 'Artifact', 'Ixalan');
INSERT INTO t_card VALUES ('Niv-Mizzet, Parun', 'Multicolored - Blue Red', 'Legendary Creature - Dragon Wizard', 'Guilds of Ravnica');
INSERT INTO t_card VALUES ('Murmuring Mystic', 'Blue', 'Creature - Human Wizard', 'Guilds of Ravnica');
INSERT INTO t_card VALUES ('Shivan Fire', 'Red', 'Instant', 'Instant');
INSERT INTO t_card VALUES ('Evolving Wilds', 'Colorless', 'Land', 'Rivals of Ixalan');
INSERT INTO t_card VALUES ('Hunted Witness', 'White', 'Creature - Human', 'Guilds of Ravnica');
INSERT INTO t_card VALUES ('Demystify', 'White', 'Instant', 'Ixalan');
INSERT INTO t_card VALUES ('Gatebreaker Ram', 'Green', 'Creature - Sheep', 'Ravnica Allegiance');
INSERT INTO t_card VALUES ('Gate Colossus', 'Colorless', 'Artifact Creature - Construct', 'Ravnica Allegiance');
INSERT INTO t_card VALUES ('Banefire', 'Red', 'Sorcery', 'Core Set 2019');
INSERT INTO t_card VALUES ('Deafening Clarion', 'Multicolored - Red White', 'Sorcery', 'Guilds of Ravnica');
INSERT INTO t_card VALUES ('Gates Ablaze', 'Red', 'Sorcery', 'Ravnica Allegiance');
INSERT INTO t_card VALUES ('Circuitous Route', 'Green', 'Sorcery', 'Guilds of Ravnica');
INSERT INTO t_card VALUES ('Guild Summit', 'Blue', 'Enchantment', 'Guilds of Ravnica');
INSERT INTO t_card VALUES ('Azorius Guildgate', 'Colorless', 'Land - Gate', 'Ravnica Allegiance');
INSERT INTO t_card VALUES ('Gateway Plaza', 'Colorless', 'Land - Gate', 'Guilds of Ravnica');
INSERT INTO t_card VALUES ('Gruul Guildgate', 'Colorless', 'Land - Gate', 'Ravnica Allegiance');
INSERT INTO t_card VALUES ('Izzet Guildgate', 'Colorless', 'Land - Gate', 'Guilds of Ravnica');
INSERT INTO t_card VALUES ('Plaza of Harmony', 'Colorless', 'Land', 'Ravnica Allegiance');
INSERT INTO t_card VALUES ('Selesnya Guildgate', 'Colorless', 'Land - Gate', 'Guilds of Ravnica');
INSERT INTO t_card VALUES ('Mass Manipulation', 'Blue', 'Sorcery', 'Ravnica Allegiance');
INSERT INTO t_card VALUES ('Emmara, Soul of the Accord', 'Multicolored - Green White', 'Legendary Creature - Elf Cleric', 'Guilds of Ravnica');
INSERT INTO t_card VALUES ('Trostani Discordant', 'Multicolored - Green White', 'Legendary Creature - Dryad', 'Guilds of Ravnica');
INSERT INTO t_card VALUES ('Saproling Migration', 'Green', 'Sorcery', 'Dominaria');
INSERT INTO t_card VALUES ('March of the Multitudes', 'Multicolored - Green White', 'Instant', 'Guilds of Ravnica');
INSERT INTO t_card VALUES ('Flower // Flourish', 'Multicolored - Green White', 'Sorcery', 'Guilds of Ravnica');
INSERT INTO t_card VALUES ('Sunpetal Grove', 'Colorless', 'Land', 'Ixalan');
INSERT INTO t_card VALUES ('Temple Garden', 'Colorless', 'Land - Forest Plains', 'Guilds of Ravnica');
INSERT INTO t_card VALUES ('Kraul Harpooner', 'Green', 'Creature - Insect Warrior', 'Guilds of Ravnica');
INSERT INTO t_card VALUES ('Knight of Autumn', 'Multicolored - Green White', 'Creature - Dryad Knight', 'Guilds of Ravnica');
INSERT INTO t_card VALUES ('Vivien Reid', 'Green', 'Legendary Planeswalker - Vivien', 'Core Set 2019');
INSERT INTO t_card VALUES ('Huatli, Radiant Champion', 'Multicolored - Green White', 'Legendary Planeswalker - Huatli', 'Rivals of Ixalan');
INSERT INTO t_card VALUES ('Risk Factor', 'Red', 'Enchantment', 'Guilds of Ravnica');
INSERT INTO t_card VALUES ('Skewer the Critics', 'Red', 'Sorcery', 'Ravnica Allegiance');
INSERT INTO t_card VALUES ('Electrostatic Field', 'Red', 'Creature - Wall', 'Guilds of Ravnica');
INSERT INTO t_card VALUES ('Lightning Mare', 'Red', 'Creature - Elemental Horse', 'Core Set 2019');
INSERT INTO t_card VALUES ('Fiery Cannonade', 'Red', 'Instant', 'Ixalan');
INSERT INTO t_card VALUES ('Llanowar Elves', 'Green', 'Creature - Elf Druid', 'Core Set 2019');
INSERT INTO t_card VALUES ('Merfolk Branchwalker', 'Green', 'Creaure - Merfolk Scout', 'Ixalan');
INSERT INTO t_card VALUES ('Wildgrowth Walker', 'Green', 'Creature - Elemental', 'Ixalan');
INSERT INTO t_card VALUES ('Jadelight Ranger', 'Green', 'Creature - Merfolk Scout', 'Rivals of Ixalan');
INSERT INTO t_card VALUES ('Ravenous Chupacabra', 'Black', 'Creature - Beast Horror', 'Rivals of Ixalan');
INSERT INTO t_card VALUES ('Carnage Tyrant', 'Green', 'Creature - Dinosaur', 'Ixalan');
INSERT INTO t_card VALUES ('Vraska, Relic Seeker', 'Multicolored - Black Green', 'Legendary Planeswalker - Vraska', 'Ixalan');
INSERT INTO t_card VALUES ('Find // Finality', 'Multicolored - Black Green', 'Sorcery', 'Guilds of Ravnica');
INSERT INTO t_card VALUES ('Memorial to Folly', 'Colorless', 'Land', 'Dominaria');
INSERT INTO t_card VALUES ('Overgrown Tomb', 'Colorless', 'Land - Swamp Forest', 'Guilds of Ravnica');
INSERT INTO t_card VALUES ('Woodland Cemetery', 'Colorless', 'Land', 'Dominaria');
INSERT INTO t_card VALUES ('Assassin\'s Trophy', 'Multicolored - Black Green', 'Instant', 'Guilds of Ravnica');
INSERT INTO t_card VALUES ('Plaguecrafter', 'Black', 'Creature - Human Shamen', 'Guilds of Ravnica');
INSERT INTO t_card VALUES ('Unmoored Ego', 'Multicolored - Blue Black', 'Sorcery', 'Guilds of Ravnica');
INSERT INTO t_card VALUES ('Basilica Bell-Haunt', 'Multicolored - White Black', 'Creature - Spirit', 'Ravnica Allegiance');
INSERT INTO t_card VALUES ('Rampaging Ferocidon', 'Red', 'Creature - Dinosaur', 'Ixalan');
INSERT INTO t_card VALUES ('Pteramander', 'Blue', 'Creature - Salamander Drake', 'Ravnica Allegiance');

#_banned_cards
INSERT INTO t_banned_cards VALUES (0, 'Standard', 'Rampaging Ferocidon')

# t_card_format
INSERT INTO t_card_format VALUES ('Ajani, Adversary of Tyrants', 'Standard');
INSERT INTO t_card_format VALUES ('Benalish Marshal', 'Standard');
INSERT INTO t_card_format VALUES ('Dauntless Bodyguard', 'Standard');
INSERT INTO t_card_format VALUES ('Skymarch Aspirant', 'Standard');
INSERT INTO t_card_format VALUES ('Snubhorn Sentry', 'Standard');
INSERT INTO t_card_format VALUES ('Tithe Taker', 'Standard');
INSERT INTO t_card_format VALUES ('Venerated Loxodon', 'Standard');
INSERT INTO t_card_format VALUES ('Adanto Vanguard', 'Standard');
INSERT INTO t_card_format VALUES ('Baffling End', 'Standard');
INSERT INTO t_card_format VALUES ('Conclave Tribunal', 'Standard');
INSERT INTO t_card_format VALUES ('History of Benalia', 'Standard');
INSERT INTO t_card_format VALUES ('Legion\'s Landing', 'Standard');
INSERT INTO t_card_format VALUES ('Glacial Fortress', 'Standard');
INSERT INTO t_card_format VALUES ('Hallowed Fountain', 'Standard');
INSERT INTO t_card_format VALUES ('Plains', 'Standard');
INSERT INTO t_card_format VALUES ('Disdainful Stroke', 'Standard');
INSERT INTO t_card_format VALUES ('Tocatli Honor Guard', 'Standard');
INSERT INTO t_card_format VALUES ('Island', 'Standard');
INSERT INTO t_card_format VALUES ('Spell Pierce', 'Standard');
INSERT INTO t_card_format VALUES ('Negate', 'Standard');
INSERT INTO t_card_format VALUES ('Unbreakable Formation', 'Standard');
INSERT INTO t_card_format VALUES ('Merfolk Trickster', 'Standard');
INSERT INTO t_card_format VALUES ('Siren Stormtamer', 'Standard');
INSERT INTO t_card_format VALUES ('Tempest Djinn', 'Standard');
INSERT INTO t_card_format VALUES ('Mist-Cloaked Herald', 'Standard');
INSERT INTO t_card_format VALUES ('Chart a Course', 'Standard');
INSERT INTO t_card_format VALUES ('Dive Down', 'Standard');
INSERT INTO t_card_format VALUES ('Essence Capture', 'Standard');
INSERT INTO t_card_format VALUES ('Opt', 'Standard');
INSERT INTO t_card_format VALUES ('Wizard\'s Retort', 'Standard');
INSERT INTO t_card_format VALUES ('Curious Obsession', 'Standard');
INSERT INTO t_card_format VALUES ('Entrancing Melody', 'Standard');
INSERT INTO t_card_format VALUES ('Exlusion Mage', 'Standard');
INSERT INTO t_card_format VALUES ('Surge Mare', 'Standard');
INSERT INTO t_card_format VALUES ('Transmogrifying Wand', 'Standard');
INSERT INTO t_card_format VALUES ('Deep Freeze', 'Standard');
INSERT INTO t_card_format VALUES ('Jace, Cunning Castaway', 'Standard');
INSERT INTO t_card_format VALUES ('Teferi, Hero of Dominaria', 'Standard');
INSERT INTO t_card_format VALUES ('Karn, Scion of Urza', 'Standard');
INSERT INTO t_card_format VALUES ('Thought Erasure', 'Standard');
INSERT INTO t_card_format VALUES ('Kaya\'s Wrath', 'Standard');
INSERT INTO t_card_format VALUES ('Cry of the Carnarium', 'Standard');
INSERT INTO t_card_format VALUES ('Moment of Craving', 'Standard');
INSERT INTO t_card_format VALUES ('Cast Down', 'Standard');
INSERT INTO t_card_format VALUES ('Vraska\'s Contempt', 'Standard');
INSERT INTO t_card_format VALUES ('Chemister\'s Insight', 'Standard');
INSERT INTO t_card_format VALUES ('Mortify', 'Standard');
INSERT INTO t_card_format VALUES ('Absorb', 'Standard');
INSERT INTO t_card_format VALUES ('Search for Azcanta', 'Standard');
INSERT INTO t_card_format VALUES ('The Eldest Reborn', 'Standard');
INSERT INTO t_card_format VALUES ('Isolated Chapel', 'Standard');
INSERT INTO t_card_format VALUES ('Godless Shrine', 'Standard');
INSERT INTO t_card_format VALUES ('Drowned Catacomb', 'Standard');
INSERT INTO t_card_format VALUES ('Watery Grave', 'Standard');
INSERT INTO t_card_format VALUES ('Swamp', 'Standard');
INSERT INTO t_card_format VALUES ('Thief of Sanity', 'Standard');
INSERT INTO t_card_format VALUES ('Hostage Taker', 'Standard');
INSERT INTO t_card_format VALUES ('Lyra Dawnbringer', 'Standard');
INSERT INTO t_card_format VALUES ('Duress', 'Standard');
INSERT INTO t_card_format VALUES ('Kaya, Orzhov Usurper', 'Standard');
INSERT INTO t_card_format VALUES ('Hydroid Krasis', 'Standard');
INSERT INTO t_card_format VALUES ('Blink of an Eye', 'Standard');
INSERT INTO t_card_format VALUES ('Growth Spiral', 'Standard');
INSERT INTO t_card_format VALUES ('Nexus of Fate', 'Standard');
INSERT INTO t_card_format VALUES ('Precognitive Perception', 'Standard');
INSERT INTO t_card_format VALUES ('Root Snare', 'Standard');
INSERT INTO t_card_format VALUES ('Sinister Sabotage', 'Standard');
INSERT INTO t_card_format VALUES ('Wilderness Reclamation', 'Standard');
INSERT INTO t_card_format VALUES ('Breeding Pool', 'Standard');
INSERT INTO t_card_format VALUES ('Forest', 'Standard');
INSERT INTO t_card_format VALUES ('Hinterland Harbor', 'Standard');
INSERT INTO t_card_format VALUES ('Memorial to Genius', 'Standard');
INSERT INTO t_card_format VALUES ('Simic Guildgate', 'Standard');
INSERT INTO t_card_format VALUES ('Atzocan Archer', 'Standard');
INSERT INTO t_card_format VALUES ('Biogenic Ooze', 'Standard');
INSERT INTO t_card_format VALUES ('Crushing Canopy', 'Standard');
INSERT INTO t_card_format VALUES ('Druid of the Cowl', 'Standard');
INSERT INTO t_card_format VALUES ('Incubation Druid', 'Standard');
INSERT INTO t_card_format VALUES ('Nezahal, Primal Tide', 'Standard');
INSERT INTO t_card_format VALUES ('Diamond Mare', 'Standard');
INSERT INTO t_card_format VALUES ('Faerie Duelist', 'Standard');
INSERT INTO t_card_format VAlUES ('Sleep', 'Standard');
INSERT INTO t_card_format VALUES ('Fanatical Firebrand', 'Standard');
INSERT INTO t_card_format VALUES ('Ghitu Lavarunner', 'Standard');
INSERT INTO t_card_format VALUES ('Runaway Steam-Kin', 'Standard');
INSERT INTO t_card_format VALUES ('Viashino Pyromancer', 'Standard');
INSERT INTO t_card_format VALUES ('Goblin Chainwhirler', 'Standard');
INSERT INTO t_card_format VALUES ('Light Up the Stage', 'Standard');
INSERT INTO t_card_format VALUES ('Shock', 'Standard');
INSERT INTO t_card_format VALUES ('Lightning Strike', 'Standard');
INSERT INTO t_card_format VALUES ('Wizard\'s Lightning', 'Standard');
INSERT INTO t_card_format VALUES ('Experimental Frenzy', 'Standard');
INSERT INTO t_card_format VALUES ('Mountain', 'Standard');
INSERT INTO t_card_format VALUES ('Stomping Ground', 'Standard');
INSERT INTO t_card_format VALUES ('Rootbound Crag', 'Standard');
INSERT INTO t_card_format VALUES ('Lava Coil', 'Standard');
INSERT INTO t_card_format VALUES ('Cindervines', 'Standard');
INSERT INTO t_card_format VALUES ('Collision // Colossus', 'Standard');
INSERT INTO t_card_format VALUES ('Treasure Map', 'Standard');
INSERT INTO t_card_format VALUES ('Dire Fleet Daredevil', 'Standard');
INSERT INTO t_card_format VALUES ('Ral, Izzet Viceroy', 'Standard');
INSERT INTO t_card_format VALUES ('Arclight Phoenix', 'Standard');
INSERT INTO t_card_format VALUES ('Goblin Electromancer', 'Standard');
INSERT INTO t_card_format VALUES ('Crackling Drake', 'Standard');
INSERT INTO t_card_format VALUES ('Tormenting Voice', 'Standard');
INSERT INTO t_card_format VALUES ('Beacon Bolt', 'Standard');
INSERT INTO t_card_format VALUES ('Radical Idea', 'Standard');
INSERT INTO t_card_format VALUES ('Discovery // Dispersal', 'Standard');
INSERT INTO t_card_format VALUES ('Steam Vents', 'Standard');
INSERT INTO t_card_format VALUES ('Sulfur Falls', 'Standard');
INSERT INTO t_card_format VALUES ('Blood Crypt', 'Standard');
INSERT INTO t_card_format VALUES ('Sorcerous Spyglass', 'Standard');
INSERT INTO t_card_format VALUES ('Niv-Mizzet, Parun', 'Standard');
INSERT INTO t_card_format VALUES ('Murmuring Mystic', 'Standard');
INSERT INTO t_card_format VALUES ('Shivan Fire', 'Standard');
INSERT INTO t_card_format VALUES ('Evolving Wilds', 'Standard');
INSERT INTO t_card_format VALUES ('Hunted Witness', 'Standard');
INSERT INTO t_card_format VALUES ('Demystify', 'Standard');
INSERT INTO t_card_format VALUES ('Gatebreaker Ram', 'Standard');
INSERT INTO t_card_format VALUES ('Gate Colossus', 'Standard');
INSERT INTO t_card_format VALUES ('Banefire', 'Standard');
INSERT INTO t_card_format VALUES ('Deafening Clarion', 'Standard');
INSERT INTO t_card_format VALUES ('Gates Ablaze', 'Standard');
INSERT INTO t_card_format VALUES ('Circuitous Route', 'Standard');
INSERT INTO t_card_format VALUES ('Guild Summit', 'Standard');
INSERT INTO t_card_format VALUES ('Azorius Guildgate', 'Standard');
INSERT INTO t_card_format VALUES ('Gateway Plaza', 'Standard');
INSERT INTO t_card_format VALUES ('Gruul Guildgate', 'Standard');
INSERT INTO t_card_format VALUES ('Izzet Guildgate', 'Standard');
INSERT INTO t_card_format VALUES ('Plaza of Harmony', 'Standard');
INSERT INTO t_card_format VALUES ('Selesnya Guildgate', 'Standard');
INSERT INTO t_card_format VALUES ('Mass Manipulation', 'Standard');
INSERT INTO t_card_format VALUES ('Emmara, Soul of the Accord', 'Standard');
INSERT INTO t_card_format VALUES ('Trostani Discordant', 'Standard');
INSERT INTO t_card_format VALUES ('Saproling Migration', 'Standard');
INSERT INTO t_card_format VALUES ('March of the Multitudes', 'Standard');
INSERT INTO t_card_format VALUES ('Flower // Flourish', 'Standard');
INSERT INTO t_card_format VALUES ('Sunpetal Grove', 'Standard');
INSERT INTO t_card_format VALUES ('Temple Garden', 'Standard');
INSERT INTO t_card_format VALUES ('Kraul Harpooner', 'Standard');
INSERT INTO t_card_format VALUES ('Knight of Autumn', 'Standard');
INSERT INTO t_card_format VALUES ('Vivien Reid', 'Standard');
INSERT INTO t_card_format VALUES ('Huatli, Radiant Champion', 'Standard');
INSERT INTO t_card_format VALUES ('Risk Factor', 'Standard');
INSERT INTO t_card_format VALUES ('Skewer the Critics', 'Standard');
INSERT INTO t_card_format VALUES ('Electrostatic Field', 'Standard');
INSERT INTO t_card_format VALUES ('Lightning Mare', 'Standard');
INSERT INTO t_card_format VALUES ('Fiery Cannonade', 'Standard');
INSERT INTO t_card_format VALUES ('Llanowar Elves', 'Standard');
INSERT INTO t_card_format VALUES ('Merfolk Branchwalker', 'Standard');
INSERT INTO t_card_format VALUES ('Wildgrowth Walker', 'Standard');
INSERT INTO t_card_format VALUES ('Jadelight Ranger', 'Standard');
INSERT INTO t_card_format VALUES ('Ravenous Chupacabra', 'Standard');
INSERT INTO t_card_format VALUES ('Carnage Tyrant', 'Standard');
INSERT INTO t_card_format VALUES ('Vraska, Relic Seeker', 'Standard');
INSERT INTO t_card_format VALUES ('Find // Finality', 'Standard');
INSERT INTO t_card_format VALUES ('Memorial to Folly', 'Standard');
INSERT INTO t_card_format VALUES ('Overgrown Tomb', 'Standard');
INSERT INTO t_card_format VALUES ('Woodland Cemetery', 'Standard');
INSERT INTO t_card_format VALUES ('Assassin\'s Trophy', 'Standard');
INSERT INTO t_card_format VALUES ('Plaguecrafter', 'Standard');
INSERT INTO t_card_format VALUES ('Unmoored Ego', 'Standard');
INSERT INTO t_card_format VALUES ('Basilica Bell-Haunt', 'Standard');
INSERT INTO t_card_format VALUES ('Pteramander', 'Standard');

# t_sets
INSERT INTO t_set VALUES ('Ixalan', DATE '2017-09-29', '289', 'XLN');
INSERT INTO t_set VALUES ('Rivals of Ixalan', DATE '2018-01-19', '205', 'RIX');
INSERT INTO t_set VALUES ('Dominaria', DATE '2018-04-27', '280', 'DOM');
INSERT INTO t_set VALUES ('Core Set 2019', DATE '2018-07-13', '314', 'M19');
INSERT INTO t_set VALUES ('Guilds of Ravnica', DATE '2018-10-05', '273', 'GRN');
INSERT INTO t_set VALUES ('Ravnica Allegiance', DATE '2019-07-25', '273', 'RNA');

#t_set_format
INSERT INTO t_set_format VALUES ('Ixalan', 'Standard');
INSERT INTO t_set_format VALUES ('Rivals of Ixalan', 'Standard');
INSERT INTO t_set_format VALUES ('Dominaria', 'Standard');
INSERT INTO t_set_format VALUES ('Core Set 2019', 'Standard');
INSERT INTO t_set_format VALUES ('Guilds of Ravnica', 'Standard');
INSERT INTO t_set_format VALUES ('Ravnica Allegiance', 'Standard');

#t_deck
INSERT INTO t_deck VALUES (8, 'Azorius Aggro', 75);
INSERT INTO t_deck VALUES (9, 'Mono-Blue Tempo', 75);
INSERT INTO t_deck VALUES (10, 'Esper Control', 75);
INSERT INTO t_deck VALUES (11, 'Simic Nexus', 75);
INSERT INTO t_deck VALUES (12, 'Mono-Blue Tempo', 75);
INSERT INTO t_deck VALUES (13, 'Gruul Aggro', 75);
INSERT INTO t_deck VALUES (14, 'Izzet Phoenix', 75);

#t_deck_card
# 8 Azorius Aggro
INSERT INTO t_deck_card VALUES (8, 3, 'Ajani, Adversary of Tyrants');
INSERT INTO t_deck_card VALUES (8, 4, 'Benalish Marshal');
INSERT INTO t_deck_card VALUES (8, 4, 'Dauntless Bodyguard');
INSERT INTO t_deck_card VALUES (8, 4, 'Skymarch Aspirant');
INSERT INTO t_deck_card VALUES (8, 4, 'Snubhorn Sentry');
INSERT INTO t_deck_card VALUES (8, 4, 'Tithe Taker');
INSERT INTO t_deck_card VALUES (8, 4, 'Venerated Loxodon');
INSERT INTO t_deck_card VALUES (8, 2, 'Adanto Vanguard');
INSERT INTO t_deck_card VALUES (8, 4, 'Baffling End');
INSERT INTO t_deck_card VALUES (8, 3, 'Conclave Tribunal');
INSERT INTO t_deck_card VALUES (8, 4, 'History of Benalia');
INSERT INTO t_deck_card VALUES (8, 4, 'Legion\'s Landing');
INSERT INTO t_deck_card VALUES (8, 4, 'Glacial Fortress');
INSERT INTO t_deck_card VALUES (8, 12, 'Plains');
INSERT INTO t_deck_card VALUES (8, 2, 'Disdainful Stroke');
INSERT INTO t_deck_card VALUES (8, 4, 'Tocatli Honor Guard');
INSERT INTO t_deck_card VALUES (8, 1, 'Island');
INSERT INTO t_deck_card VALUES (8, 1, 'Spell Pierce');
INSERT INTO t_deck_card VALUES (8, 2, 'Negate');
INSERT INTO t_deck_card VALUES (8, 1, 'Unbreakable Formation');

#9 Mono-Blue Tempo
INSERT INTO t_deck_card VALUES (9, 4, 'Merfolk Trickster');
INSERT INTO t_deck_card VALUES (9, 4, 'Pteramander');
INSERT INTO t_deck_card VALUES (9, 4, 'Siren Stormtamer');
INSERT INTO t_deck_card VALUES (9, 4, 'Tempest Djinn');
INSERT INTO t_deck_card VALUES (9, 4, 'Mist-Cloaked Herald');
INSERT INTO t_deck_card VALUES (9, 1, 'Chart a Course');
INSERT INTO t_deck_card VALUES (9, 3, 'Dive Down');
INSERT INTO t_deck_card VALUES (9, 4, 'Essence Capture');
INSERT INTO t_deck_card VALUES (9, 4, 'Opt');
INSERT INTO t_deck_card VALUES (9, 3, 'Spell Pierce');
INSERT INTO t_deck_card VALUES (9, 4, 'Wizard\'s Retort');
INSERT INTO t_deck_card VALUES (9, 4, 'Curious Obsession');
INSERT INTO t_deck_card VALUES (9, 20, 'Island');
INSERT INTO t_deck_card VALUES (9, 3, 'Entrancing Melody');
INSERT INTO t_deck_card VALUES (9, 2, 'Exclusion Mage');
INSERT INTO t_deck_card VALUES (9, 2, 'Negate');
INSERT INTO t_deck_card VALUES (9, 4, 'Surge Mare');
INSERT INTO t_deck_card VALUES (9, 1, 'Disdainful Stroke');
INSERT INTO t_deck_card VALUES (9, 1, 'Transmogrifying Wand');

#10 Esper Control
INSERT INTO t_deck_card VALUES (10, 4, 'Teferi, Hero of Dominaria');
INSERT INTO t_deck_card VALUES (10, 1, 'karn, Scion of Urza');
INSERT INTO t_deck_card VALUES (10, 4, 'Thought Erasure');
INSERT INTO t_deck_card VALUES (10, 3, 'Kaya\'s Wrath');
INSERT INTO t_deck_card VALUES (10, 2, 'Cry of the Carnarium');
INSERT INTO t_deck_card VALUES (10, 2, 'Moment of Craving');
INSERT INTO t_deck_card VALUES (10, 3, 'Cast Down');
INSERT INTO t_deck_card VALUES (10, 3, 'Vraska\'s Contempt');
INSERT INTO t_deck_card VALUES (10, 2, 'Negate');
INSERT INTO t_deck_card VALUES (10, 3, 'Chemister\'s Insight');
INSERT INTO t_deck_card VALUES (10, 3, 'Mortify');
INSERT INTO t_deck_card VALUES (10, 3, 'Absorb');
INSERT INTO t_deck_card VALUES (10, 2, 'Search for Azcanta');
INSERT INTO t_deck_card VALUES (10, 2, 'The Eldest Reborn');
INSERT INTO t_deck_card VALUES (10, 4, 'Isolated Chapel');
INSERT INTO t_deck_card VALUES (10, 1, 'Island');
INSERT INTO t_deck_card VALUES (10, 4, 'Hallowed Fountain');
INSERT INTO t_deck_card VALUES (10, 4, 'Godless Shrine');
INSERT INTO t_deck_card VALUES (10, 4, 'Glacial Fortress');
INSERT INTO t_deck_card VALUES (10, 4, 'Drowned Catacomb');
INSERT INTO t_deck_card VALUES (10, 4, 'Watery Grave');
INSERT INTO t_deck_card VALUES (10, 1, 'Swamp');
INSERT INTO t_deck_card VALUES (10, 4, 'Thief of Sanity');
INSERT INTO t_deck_card VALUES (10, 3, 'Hostage Taker');
INSERT INTO t_deck_card VALUES (10, 2, 'Lyra Dawnbringer');
INSERT INTO t_deck_card VALUES (10, 2, 'Duress');
INSERT INTO t_deck_card VALUES (10, 1, 'Kaya, Orzhov Usurper');

#11 Simic Nexus
INSERT INTO t_deck_card VALUES (11, 3, 'Hydroid Krasis');
INSERT INTO t_deck_card VALUES (11, 3, 'Blink of an Eye');
INSERT INTO t_deck_card VALUES (11, 4, 'Chemister\'s Insight');
INSERT INTO t_deck_card VALUES (11, 4, 'Growth Spiral');
INSERT INTO t_deck_card VALUES (11, 4, 'Nexus of Fate');
INSERT INTO t_deck_card VALUES (11, 4, 'Opt');
INSERT INTO t_deck_card VALUES (11, 1, 'Precognitive Perception');
INSERT INTO t_deck_card VALUES (11, 4, 'Root Snare');
INSERT INTO t_deck_card VALUES (11, 3, 'Sinister Sabotage');
INSERT INTO t_deck_card VALUES (11, 3, 'Search for Azcanta');
INSERT INTO t_deck_card VALUES (11, 4, 'Wilderness Reclamation');
INSERT INTO t_deck_card VALUES (11, 4, 'Breeding Pool');
INSERT INTO t_deck_card VALUES (11, 6, 'Forest');
INSERT INTO t_deck_card VALUES (11, 4, 'Hinterland Harbor');
INSERT INTO t_deck_card VALUES (11, 4, 'Island');
INSERT INTO t_deck_card VALUES (11, 4, 'Memorial to Genius');
INSERT INTO t_deck_card VALUES (11, 2, 'Simic Guildgate');
INSERT INTO t_deck_card VALUES (11, 1, 'Atzocan Archer');
INSERT INTO t_deck_card VALUES (11, 2, 'Biogenic Ooze');
INSERT INTO t_deck_card VALUES (11, 2, 'Crushing Canopy');
INSERT INTO t_deck_card VALUES (11, 1, 'Druid of the Cowl');
INSERT INTO t_deck_card VALUES (11, 3, 'Incubation Druid');
INSERT INTO t_deck_card VALUES (11, 2, 'Negate');
INSERT INTO t_deck_card VALUES (11, 1, 'Nezahal, Primal Tide');
INSERT INTO t_deck_card VALUES (11, 4, 'Pteramander');

#12 Mono-Blue Tempo
INSERT INTO t_deck_card VALUES (12, 4, 'Pteramander');
INSERT INTO t_deck_card VALUES (12, 4, 'Siren Stormtamer');
INSERT INTO t_deck_card VALUES (12, 4, 'Merfolk Trickster');
INSERT INTO t_deck_card VALUES (12, 3, 'Mist-Cloaked Herald');
INSERT INTO t_deck_card VALUES (12, 4, 'Tempest Djinn');
INSERT INTO t_deck_card VALUES (12, 2, 'Chart a Course');
INSERT INTO t_deck_card VALUES (12, 2, 'Entrancing Melody');
INSERT INTO t_deck_card VALUES (12, 3, 'Dive Down');
INSERT INTO t_deck_card VALUES (12, 3, 'Spell Pierce');
INSERT INTO t_deck_card VALUES (12, 2, 'Essence Capture');
INSERT INTO t_deck_card VALUES (12, 4, 'Wizard\'s Retort');
INSERT INTO t_deck_card VALUES (12, 4, 'Opt');
INSERT INTO t_deck_card VALUES (12, 4, 'Curious Obsession');
INSERT INTO t_deck_card VALUES (12, 19, 'Island');
INSERT INTO t_deck_card VALUES (12, 2, 'Deep Freeze');
INSERT INTO t_deck_card VALUES (12, 3, 'Negate');
INSERT INTO t_deck_card VALUES (12, 1, 'Disdainful Stroke');
INSERT INTO t_deck_card VALUES (12, 2, 'Exclusion Mage');
INSERT INTO t_deck_card VALUES (12, 1, 'Surge Mare');
INSERT INTO t_deck_card VALUES (12, 2, 'Diamond Mare');
INSERT INTO t_deck_card VALUES (12, 1, 'Faerie Duelist');
INSERT INTO t_deck_card VALUES (12, 1, 'Sleep');

#13 Gruul Aggro
INSERT INTO t_deck_card VALUES (13, 4, 'Fanatical Firebrand');
INSERT INTO t_deck_card VALUES (13, 4, 'Ghitu Lavarunner');
INSERT INTO t_deck_card VALUES (13, 4, 'Runaway Steam-Kin');
INSERT INTO t_deck_card VALUES (13, 4, 'Viashino Pyromancer');
INSERT INTO t_deck_card VALUES (13, 4, 'Goblin Chainwhirler');
INSERT INTO t_deck_card VALUES (13, 4, 'Light Up the Stage');
INSERT INTO t_deck_card VALUES (13, 4, 'Shock');
INSERT INTO t_deck_card VALUES (13, 4, 'Lightning Strike');
INSERT INTO t_deck_card VALUES (13, 4, 'Wizard\'s Lightning');
INSERT INTO t_deck_card VALUES (13, 4, 'Experimental Frenzy');
INSERT INTO t_deck_card VALUES (13, 13, 'Mountain');
INSERT INTO t_deck_card VALUES (13, 4, 'Stomping Ground');
INSERT INTO t_deck_card VALUES (13, 4, 'Rootbound Crag');
INSERT INTO t_deck_card VALUES (13, 4, 'Lava Coil');
INSERT INTO t_deck_card VALUES (13, 4, 'Cindervines');
INSERT INTO t_deck_card VALUES (13, 3, 'Collision // Colossus');
INSERT INTO t_deck_card VALUES (13, 2, 'Treasure Map');
INSERT INTO t_deck_card VALUES (13, 1, 'Dire Fleet Daredevil');

#14 Izzet Phoenix
INSERT INTO t_deck_card VALUES (14, 2, 'Ral, Izzet Viceroy');
INSERT INTO t_deck_card VALUES (14, 4, 'Arclight Phoenix');
INSERT INTO t_deck_card VALUES (14, 4, 'Goblin Electromancer');
INSERT INTO t_deck_card VALUES (14, 4, 'Crackling Drake');
INSERT INTO t_deck_card VALUES (14, 4, 'Chart a Course');
INSERT INTO t_deck_card VALUES (14, 4, 'Lava Coil');
INSERT INTO t_deck_card VALUES (14, 2, 'Tormenting Voice');
INSERT INTO t_deck_card VALUES (14, 2, 'Beacon Bolt');
INSERT INTO t_deck_card VALUES (14, 3, 'Entrancing Melody');
INSERT INTO t_deck_card VALUES (14, 4, 'Radical Idea');
INSERT INTO t_deck_card VALUES (14, 4, 'Opt');
INSERT INTO t_deck_card VALUES (14, 4, 'Shock');
INSERT INTO t_deck_card VALUES (14, 2, 'Discovery // Dispersal');
INSERT INTO t_deck_card VALUES (14, 4, 'Steam Vents');
INSERT INTO t_deck_card VALUES (14, 4, 'Sulfur Falls');
INSERT INTO t_deck_card VALUES (14, 8, 'Island');
INSERT INTO t_deck_card VALUES (14, 4, 'Mountain');
INSERT INTO t_deck_card VALUES (14, 1, 'Blood Crypt');
INSERT INTO t_deck_card VALUES (14, 2, 'Sorcerous Spyglass');
INSERT INTO t_deck_card VALUES (14, 2, 'Niv-Mizzet, Parun');
INSERT INTO t_deck_card VALUES (14, 1, 'Spell Pierce');
INSERT INTO t_deck_card VALUES (14, 1, 'Murmuring Mystic');
INSERT INTO t_deck_card VALUES (14, 1, 'Shivan Fire');
INSERT INTO t_deck_card VALUES (14, 3, 'Negate');
INSERT INTO t_deck_card VALUES (14, 1, 'Disdainful Stroke');
